Question,Correct Answer,Incorrect Options,Chapter
What makes a pinhole camera impractical?,The image becomes too dark for practical purposes.,"['The pinhole camera is too large to be practical.', 'The pinhole camera produces only grayscale images.', 'The pinhole camera cannot capture moving objects.', 'The image becomes too bright for practical purposes.']",Chapter 1
"If the F-number changes from f/4 to f/8, how much longer exposure time is needed to keep the brightness level the same?",4 times longer exposure time.,"['2 times longer exposure time.', '6 times longer exposure time.', '5 times longer exposure time.', '3 times longer exposure time.']",Chapter 1
What causes chromatic aberration?,Light is refracted differently in the lens depending on its wavelength.,"['Light is absorbed differently in the lens depending on its wavelength.', 'Light is scattered differently in the lens depending on its wavelength.', 'Light is polarized differently in the lens depending on its wavelength.', 'Light is reflected differently in the lens depending on its wavelength.']",Chapter 1
"In the thin lens model, if the object is infinitely far away from the camera, what is the distance from the lens where the image is focused?",The distance is the same as the focal length.,"['The distance is infinite.', 'The distance is zero.', 'The distance is half the focal length.', 'The distance is twice the focal length.']",Chapter 1
Why are there twice as many green pixels as blue and red pixels in the Bayer pattern CFA?,Human eye is more sensitive to green.,"['Human eye is less sensitive to green.', 'Energy content of green light is the lowest.', 'Green pixels are cheaper to produce.', 'Energy content of green light is the highest.']",Chapter 1
What is the purpose of white balancing in the camera image processing pipeline?,It ensures correct reproduction of the image colors.,"['It optimizes the image for low light conditions.', 'It maximizes the dynamic range between black and white.', 'It balances the exposure levels of the image.', 'It improves the overall brightness of the image.']",Chapter 1
"In the pinhole camera model, what happens to the image when the focal length is doubled?",The image becomes two times bigger.,"['The image remains the same size.', 'The image becomes two times smaller.', 'The image becomes inverted.', 'The image becomes blurry.']",Chapter 1
How is color temperature related to black body radiation?,Color temperature is the temperature of a black body that emits light of a specific color.,"['Color temperature is the temperature at which a black body emits light of all colors.', 'Color temperature is the temperature at which a black body reflects all incident light.', 'Color temperature is the temperature at which a black body absorbs all incident light.', 'Color temperature is the temperature of a black body that absorbs light of a specific color.']",Chapter 2
What factors affect the brightness of the observed point under diffuse reflection?,"['Albedo', 'Angle between the surface normal and the light source direction', 'Light source intensity']","['Angle between the light source direction and the viewing direction', 'Angle between the surface normal and the viewing direction']",Chapter 2
What does a specular highlight represent?,A reflection of the light source on a highly polished surface.,"['A scattering of light in all directions from a matte surface.', 'A refraction of light through a transparent object.', 'A shadow cast by an object when light is blocked.', 'A reflection of the light source on a rough surface.']",Chapter 2
Why are color histograms invariant to spatial transformations such as translation and rotation?,Because color histograms ignore the spatial arrangement of pixels and focus solely on the distribution of colors.,"['Because color histograms prioritize central image colors, reducing the impact of surrounding areas during spatial transformations.', 'Because color histograms adjust color values based on geometric transformations, compensating for any changes in position or orientation.', 'Because color histograms utilize transformation-invariant features that realign colors after any spatial modification.', 'Because color histograms encode the exact positions of colors within the image, ensuring consistency even when the image is rotated or translated.']",Chapter 2
What is the problem with measuring distances in the RGB color space?,Distances in RGB space do not correspond to perceived color differences.,"['RGB color space cannot represent distances of colors with high luminance.', 'Distances in RGB space do not correspond to physical color differences.', 'Measuring distances in RGB space is computationally inefficient.', 'RGB space lacks the ability to represent transparent color differences.']",Chapter 2
What happens to the surface brightness if the distance between the surface and the light source is doubled?,The brightness decreases to 1/4 of the original.,"['The brightness increases fourfold.', 'The brightness doubles.', 'The brightness is halved.', 'The brightness remains the same.']",Chapter 2
Why can't the sRGB color space reproduce all visible colors?,"Because the sRGB primaries are positioned within the chromaticity diagram, restricting reproducible colors to those inside the triangle they define.","['Because sRGB uses a limited bit depth, preventing it from representing a wide range of colors accurately.', 'Because sRGB relies on outdated color measurement techniques, reducing its ability to cover the full spectrum of visible colors.', 'Because sRGB does not include a luminance component, making it unable to represent certain shades and tints.', 'Because sRGB is optimized for print media, which limits its effectiveness on digital displays.']",Chapter 2
When is image filtering useful in machine vision and what problems it may cause?,"Image filtering is useful for removing irrelevant information such as noise, but it can also change the information we are interested in.","['Image filtering is useful for adding special effects to an image, but it can cause the image to lose its original quality.', 'Image filtering is useful for compressing an image, but it can cause the image to lose important details.', 'Image filtering is useful for increasing the resolution of an image, but it can cause the image to become blurry.', 'Image filtering is useful for enhancing the colors in an image, but it can cause the image to become saturated.']",Chapter 3
What is the purpose of connected component analysis? In what case is it unnecessary?,To identify and assign unique labels to individual objects; it is unnecessary when there is only one object in the image.,"['To identify and assign unique labels to individual objects; it is unnecessary when there are multiple objects in the image.', 'To apply color filters to different parts of the image; it is unnecessary when the image is already in grayscale.', 'To increase the contrast between objects and the background; it is unnecessary when the background is already distinct.', 'To apply color filters to different parts of the image; it is unnecessary when objects have uniform color.']",Chapter 3
"Why is the RGB color space not ideal for performing color segmentation, and why is the normalized rg space considered a better alternative?","Because RGB components are highly correlated, making them less effective for segmentation, whereas the normalized rg space reduces the influence of illumination.","['Because RGB cannot represent certain colors accurately, whereas the normalized rg space expands the range of colors that can be represented for better segmentation.', 'Because the color resolution in the RGB space is too low for segmentation, whereas rg space has higher resolution, making it more effective for color segmentation.', 'Because the RGB color space has too many dimensions, making computations slow, while the normalized rg space simplifies the process by reducing the number of dimensions.', 'Because RGB colors do not provide reliable information in low-light conditions, while rg space is invariant to brightness changes.']",Chapter 3
Why is edge detection typically not preferred for performing image segmentation?,"Because edge detection often results in noisy and discontinuous boundaries, making it challenging to accurately segment images.","['Because edge detection can only identify horizontal and vertical edges, limiting its effectiveness in complex images.', 'Because edge detection requires excessive computational resources, making it impractical for real-time applications.', 'Because edge detection does not work well with grayscale images, which are commonly used in image segmentation.', 'Because edge detection algorithms are incompatible with most image file formats used in segmentation tasks.']",Chapter 3
"In an image containing a perfect circle and a perfect square without any pixelization, what are their corresponding complexity (C1) values, where C1 is defined as in the lecture material?","Circle: 4π (≈12.6), Square: 16","['Circle: π (≈3.14), Square: 16', 'Circle: 4π (≈12.6), Square: 8', 'Circle: 2π (≈6.28), Square: 8', 'Circle: 2π (≈6.28), Square: 4']",Chapter 3
"Based on the lecture material, how would you test if two face images represent the same person using LBP?","Split each face image into smaller blocks, compute LBP histograms for each block, concatenate them to form feature descriptors, and compare the descriptors for similarity.","['Divide each face image into color channels, compute separate LBP histograms for each channel, average these histograms, and compare the averaged histograms for similarity.', 'Use LBP to create a binary pattern for each face image and input these patterns into a neural network trained to classify whether the two patterns belong to the same person.', 'Apply LBP to extract edge features from each face image and perform a pixel-by-pixel comparison of these edge maps to verify if the faces match.', 'Convert each face image to grayscale, generate a single global LBP histogram for each image, and compare these histograms to determine if they represent the same person.']",Chapter 4
Why cannot texture be recognized based on the color histogram?,Because color histograms do not contain spatial information.,"['Because texture does not carry any information about colors.', 'Because texture is only related to shape features.', 'Because texture recognition requires segmentation.', 'Because color histograms have too many dimensions.']",Chapter 4
What is the challenge when using Gabor filters to represent texture?,Gabor filters require careful selection of the parameters to ensure effective texture representation.,"['Gabor filters are insensitive to changes in scale, making them ineffective for multi-scale texture analysis.', 'Gabor filters can only be applied to grayscale images, limiting their use with color textures.', 'Gabor filters are unable to capture orientation information in textures.', 'Gabor filters significantly increase the computational complexity of image processing tasks.']",Chapter 4
What makes texture segmentation more challenging than color segmentation?,Because texture boundaries are not well-defined as they are computed over neighborhoods.,"['Because texture segmentation requires more computational power than color segmentation.', 'Because texture segmentation is limited to grayscale images.', 'Because color features contain more information than texture features.', 'Because textures are less uniform than colors in most images.']",Chapter 4
Why does pixel-by-pixel comparison of images not work in texture analysis?,Because image patches that contain the same texture look similar but do not usually align perfectly.,"[""Because pixel-by-pixel comparison is too computationally intensive, so it's better to use color histogram comparisons instead."", 'Because pixel-by-pixel methods require color images to be converted to binary images before comparison.', 'Because pixel-by-pixel comparison cannot handle large variations in image contrast.', 'Because pixel-by-pixel comparison cannot handle large variations in image brightness.']",Chapter 4
What is the purpose of using vector quantization in texture analysis?,To reduce the number of bins in the texture histogram by clustering high-dimensional feature vectors.,"['To separate different texture types by assigning unique feature vectors to each distinct texture pattern.', 'To increase the dimensionality of feature vectors, allowing for more detailed texture representations in the histogram.', 'To transform texture features into a lower-dimensional space for faster image processing and analysis.', 'To normalize the feature vectors, ensuring consistent scale and improving the accuracy of texture classification.']",Chapter 4
Under which circumstances do SIFT and other local feature descriptors fail to provide reliable matches?,When images contain similar or repeated details.,"['When images are captured under varying lighting conditions.', 'When the viewpoint differences of the images are relatively small.', 'When images have high contrast and distinct edges.', 'When the images do not contain color information.']",Chapter 5
What can be inferred about an image point and its surrounding region based on the Harris corner response?,"A large positive response indicates a corner, a negative response signifies an edge, and a response close to zero denotes a flat region.","['A large positive response signifies high contrast, a negative response indicates low contrast, and a response close to zero denotes uniform brightness.', 'A large positive response signifies an edge, a negative response indicates a corner, and a response close to zero denotes a textured region.', 'A large positive response denotes a flat region, a negative response signifies a corner, and a response close to zero indicates an edge.', 'A large positive response indicates a corner, a negative response signifies a flat region, and a response close to zero denotes an edge.']",Chapter 5
How is scale-space constructed and what is the role of its parameters?,"By convolving the image with Gaussian kernels of varying standard deviations, where the standard deviation determines the scale of the detected features.","['By decomposing the image into multiple frequency bands using wavelet transforms, where each band corresponds to a different scale of image features.', 'By segmenting the image into regions based on texture similarity, where the similarity threshold defines the granularity of the scale-space levels.', 'By applying a series of sharpening filters with varying strengths, where the strength parameter determines the emphasis on fine details versus coarse structures.', 'By progressively reducing the image resolution through downsampling, where the downsampling factor determines the scale of the observable features.']",Chapter 5
"When extracting a small image patch around an interest point, converting it into a vector, and using it directly as a local descriptor, what are the advantages and limitations of this approach in feature matching?","The approach retains complete spatial and color information, ensuring high distinctiveness, but it is highly sensitive to geometric transformations such as scaling and rotation.","['The approach inherently normalizes for illumination changes, providing robustness against varying lighting conditions, but it sacrifices spatial detail, reducing the descriptor’s distinctiveness.', 'The approach achieves invariance to affine transformations, but the matching process can introduce computational overhead and potential alignment errors.', 'The approach enables straightforward feature matching using simple distance metrics, but it fails to account for the spatial arrangement of pixel intensities.', 'The approach maintains rotation and shift invariance, but it requires a hierarchical matching process that complicates the feature matching pipeline.']",Chapter 5
How are scale-invariant interest points detected?,By identifying extrema in the Difference of Gaussian (DoG) pyramid across scales and rejecting points based on low response thresholds and edge-like structures.,"['By clustering feature points obtained from each scale and selecting cluster centroids that appear across all scales with minimal variance.', 'By applying a single-scale Harris corner detector and verifying its responses against scale-space representations to ensure invariance.', 'By utilizing the Laplacian of Gaussian (LoG) operator to detect zero-crossings across scales and selecting points that persist across a predefined scale range.', 'By performing non-maximum suppression on the gradient magnitude across scales and selecting points that maintain consistent orientation across multiple scales.']",Chapter 5
What is assumed about the classification problem when using the nearest centroid classifier?,"Classes form compact, sphere-shaped clusters.","['Feature space is low dimensional.', 'Feature space is high dimensional.', 'There are only two classes.', 'Class centers are evenly distributed in the feature space.']",Chapter 6
Why is visual bag of words good for image categorization but not good for object detection?,It is a global representation.,"['It focuses on texture information.', 'It is a local representation.', 'It is not invariant to spatial transformations.', 'It focuses on shape information.']",Chapter 6
What is an obvious bottleneck of the nearest neighbor classifier?,It is computationally expensive.,"['It can only handle binary problems.', 'It requires high-dimensional feature space.', 'It assumes compact clusters.', 'It requires a large amount of training data.']",Chapter 6
What assumption is made when using k-means for color image segmentation?,Colors are distinct and separable in RGB-space.,"['Neighboring pixels share the same label.', 'The color values are uniformly distributed.', 'Colors form overlapping clusters in RGB-space.', 'Each color in the image has a unique label.']",Chapter 6
What is the benefit of unsupervised learning compared to supervised learning?,It does not require labeling of training data.,"['It recognizes specific classes of interest.', 'It requires less data.', 'Unsupervised learning algorithms are faster.', 'The results are more accurate.']",Chapter 6
What is the purpose of negative samples in object detection?,To train the classifier to differentiate objects.,"['To represent the object of interest.', 'To evaluate the performance of the detector.', 'To normalize the feature values between 0 and 1.', 'To detect negative objects.']",Chapter 6
What is the essential difference between object detection and image categorization?,"Object detection locates and identifies objects, while image categorization assigns a single label to the entire image.","['Image categorization processes regions, while object detection processes entire images.', 'Object detection finds a single instance, while image categorization finds multiple instances.', 'Image categorization works with precise object locations, while object detection ignores spatial information.', 'Object detection uses global features, while image categorization relies on local descriptors.']",Chapter 6
"A face detector finds 100 correct faces, 15 incorrect faces, and misses 25 correct faces. What are the corresponding precision and recall values?","Precision: 87%, Recall: 80%","['Precision: 74%, Recall: 65%', 'Precision: 85%, Recall: 75%', 'Precision: 91%, Recall: 85%', 'Precision: 82%, Recall: 70%']",Chapter 6
What is the difference between apparent motion and actual motion?,"Apparent motion is perceived movement in the image, while actual motion is true physical movement.","['Apparent motion refers to movement caused by optical illusions, whereas actual motion is movement physically occurring in space.', ""Apparent motion is influenced by the observer's frame of reference, while actual motion is absolute and unchanging."", 'Apparent motion occurs under constant lighting conditions, whereas actual motion can be observed under varying lighting conditions.', 'Apparent motion can only be perceived in two dimensions, whereas actual motion occurs in three dimensions.']",Chapter 7
What is the difference between a motion vector and a motion field?,"Motion vector represents a single point, while a motion field represents multiple points.","['Motion vector indicates speed, while motion field indicates velocity.', 'Motion field represents the magnitude, while motion vector represents the direction.', 'Motion vector is a vector quantity, while motion field is a scalar quantity.', 'Both terms are interchangeable in motion analysis.']",Chapter 7
Why do we need the small motion assumption when using the optical flow equation?,Small motion allows the first-order Taylor expansion to remain valid.,"['Small motion reduces the computational complexity of the optical flow algorithms.', 'Optical flow equation is inherently biased against large motions.', 'Small motion is necessary to avoid aliasing effects in the optical flow computation.', 'Small motion ensures that the time derivative of the image intensity remains constant.']",Chapter 7
What is an advantage and disadvantage of the Lucas-Kanade method compared to feature matching?,Advantage: Computationally more efficient. Disadvantage: More likely to struggle with large motions.,"['Advantage: More effective for real-time applications. Disadvantage: More likely to fail with textured surfaces.', 'Advantage: Can handle larger motions. Disadvantage: Computationally more expensive.', 'Advantage: More robust to noise. Disadvantage: More sensitive to lighting changes.', 'Advantage: More accurate in dense areas. Disadvantage: Worse performance in sparse areas.']",Chapter 7
